player,role,batting_style,bowling_style,Image,team
Aarya Desai,Opening Batter,Left hand Bat,Right arm Offbreak,https://wassets.hscicdn.com/static/images/player-jersey.svg,Kolkata Knight Riders
Abdul Basith,Allrounder,Right hand Bat,Right arm Offbreak,https://wassets.hscicdn.com/static/images/player-jersey.svg,Rajasthan Royals
Abdul Samad,Batter,Right hand Bat,Legbreak,"https://img1.hscicdn.com/image/upload/f_auto,t_h_100_2x/lsci/db/PICTURES/CMS/295300/295304.jpg",Sunrisers Hyderabad
Abhinav Manohar,Batting Allrounder,Right hand Bat,Legbreak Googly,https://wassets.hscicdn.com/static/images/player-jersey.svg,Gujarat Titans 
Abhishek Sharma,Allrounder,Left hand Bat,Slow Left arm Orthodox,"https://img1.hscicdn.com/image/upload/f_auto,t_h_100_2x/lsci/db/PICTURES/CMS/356800/356824.1.png",Sunrisers Hyderabad
Abishek Porel,Wicketkeeper Batter,Left hand Bat,DNB,https://wassets.hscicdn.com/static/images/player-jersey.svg,Delhi Capitals
Adam Zampa,Bowler,Right hand Bat,Legbreak Googly,"https://img1.hscicdn.com/image/upload/f_auto,t_h_100_2x/lsci/db/PICTURES/CMS/263500/263543.1.jpg",Rajasthan Royals
Adil Rashid,Bowler,Right hand Bat,Legbreak,"https://img1.hscicdn.com/image/upload/f_auto,t_h_100_2x/lsci/db/PICTURES/CMS/289600/289662.1.jpg",Sunrisers Hyderabad
Aiden Markram,Opening Batter,Right hand Bat,Right arm Offbreak,"https://img1.hscicdn.com/image/upload/f_auto,t_h_100_2x/lsci/db/PICTURES/CMS/317900/317970.jpg",Sunrisers Hyderabad
Ajay Mandal,Allrounder,Left hand Bat,Slow Left arm Orthodox,"https://img1.hscicdn.com/image/upload/f_auto,t_h_100_2x/lsci/db/PICTURES/CMS/314900/314902.jpg",Chennai Super Kings
Ajinkya Rahane,Top order Batter,Right hand Bat,Right arm Medium,"https://img1.hscicdn.com/image/upload/f_auto,t_h_100_2x/lsci/db/PICTURES/CMS/312100/312159.png",Chennai Super Kings
Akash Deep,Bowling Allrounder,Right hand Bat,Right arm Fast medium,"https://img1.hscicdn.com/image/upload/f_auto,t_h_100_2x/lsci/db/PICTURES/CMS/356800/356814.1.png",Royal Challengers Bangalore
Akash Madhwal,Bowler,Right hand Bat,Right arm Medium fast,"https://img1.hscicdn.com/image/upload/f_auto,t_h_100_2x/lsci/db/PICTURES/CMS/314900/314988.png",Mumbai Indians
Akash Singh,Bowler,Right hand Bat,Left arm Medium fast,"https://img1.hscicdn.com/image/upload/f_auto,t_h_100_2x/lsci/db/PICTURES/CMS/315000/315007.jpg",Chennai Super Kings
Akash Vasisht,Allrounder,Left hand Bat,Slow Left arm Orthodox,"https://img1.hscicdn.com/image/upload/f_auto,t_h_100_2x/lsci/db/PICTURES/CMS/314900/314993.jpg",Rajasthan Royals
Akeal Hosein,Bowler,Left hand Bat,Slow Left arm Orthodox,"https://img1.hscicdn.com/image/upload/f_auto,t_h_100_2x/lsci/db/PICTURES/CMS/326100/326139.4.jpg",Sunrisers Hyderabad
Alzarri Joseph,Bowler,Right hand Bat,Right arm Fast,"https://img1.hscicdn.com/image/upload/f_auto,t_h_100_2x/lsci/db/PICTURES/CMS/321900/321943.png",Gujarat Titans 
Aman Hakim Khan,Allrounder,Right hand Bat,Right arm Medium,"https://img1.hscicdn.com/image/upload/f_auto,t_h_100_2x/lsci/db/PICTURES/CMS/338100/338165.4.jpg",Delhi Capitals
Ambati Rayudu,Middle order Batter,Right hand Bat,Right arm Offbreak,"https://img1.hscicdn.com/image/upload/f_auto,t_h_100_2x/lsci/db/PICTURES/CMS/309000/309096.png",Chennai Super Kings
Amit Mishra,Bowler,Right hand Bat,Legbreak,"https://img1.hscicdn.com/image/upload/f_auto,t_h_100_2x/lsci/db/PICTURES/CMS/304100/304193.png",Lucknow Super Giants
Andre Russell,Allrounder,Right hand Bat,Right arm Fast,"https://img1.hscicdn.com/image/upload/f_auto,t_h_100_2x/lsci/db/PICTURES/CMS/308900/308972.png",Kolkata Knight Riders
Anmolpreet Singh,Batter,Right hand Bat,Right arm Offbreak,"https://img1.hscicdn.com/image/upload/f_auto,t_h_100_2x/lsci/db/PICTURES/CMS/356800/356823.1.png",Sunrisers Hyderabad
Anrich Nortje,Bowler,Right hand Bat,Right arm Fast,"https://img1.hscicdn.com/image/upload/f_auto,t_h_100_2x/lsci/db/PICTURES/CMS/317900/317968.jpg",Delhi Capitals
Anuj Rawat,Wicketkeeper Batter,Left hand Bat,DNB,"https://img1.hscicdn.com/image/upload/f_auto,t_h_100_2x/lsci/db/PICTURES/CMS/357600/357621.7.jpg",Royal Challengers Bangalore
Anukul Roy,Allrounder,Left hand Bat,Slow Left arm Orthodox,"https://img1.hscicdn.com/image/upload/f_auto,t_h_100_2x/lsci/db/PICTURES/CMS/338100/338166.4.jpg",Kolkata Knight Riders
Arjun Tendulkar,Bowler,Left hand Bat,Left arm Medium fast,"https://img1.hscicdn.com/image/upload/f_auto,t_h_100_2x/lsci/db/PICTURES/CMS/357600/357633.4.jpg",Mumbai Indians
Arpit Guleria,Bowler,Right hand Bat,Right arm Medium,"https://img1.hscicdn.com/image/upload/f_auto,t_h_100_2x/lsci/db/PICTURES/CMS/315100/315165.jpg",Lucknow Super Giants
Arshad Khan,Bowler,Left hand Bat,Left arm Medium,https://wassets.hscicdn.com/static/images/player-jersey.svg,Mumbai Indians
Arshdeep Singh,Bowler,Left hand Bat,Left arm Medium fast,"https://img1.hscicdn.com/image/upload/f_auto,t_h_100_2x/lsci/db/PICTURES/CMS/356700/356795.1.png",Punjab Kings
Atharva Taide,Batting Allrounder,Left hand Bat,Slow Left arm Orthodox,"https://img1.hscicdn.com/image/upload/f_auto,t_h_100_2x/lsci/db/PICTURES/CMS/357000/357037.1.png",Punjab Kings
Avesh Khan,Bowler,Right hand Bat,Right arm Fast medium,"https://img1.hscicdn.com/image/upload/f_auto,t_h_100_2x/lsci/db/PICTURES/CMS/200000/200065.1.jpg",Lucknow Super Giants
Avinash Singh,Bowler,Right hand Bat,Right arm Fast,"https://img1.hscicdn.com/image/upload/f_auto,t_h_100_2x/lsci/db/PICTURES/CMS/357600/357627.4.jpg",Royal Challengers Bangalore
Axar Patel,Bowling Allrounder,Left hand Bat,Slow Left arm Orthodox,"https://img1.hscicdn.com/image/upload/f_auto,t_h_100_2x/lsci/db/PICTURES/CMS/329300/329344.4.jpg",Delhi Capitals
Ayush Badoni,Batter,Right hand Bat,Right arm Offbreak,https://wassets.hscicdn.com/static/images/player-jersey.svg,Lucknow Super Giants
Baltej Singh,Bowler,Right hand Bat,Right arm Medium,"https://img1.hscicdn.com/image/upload/f_auto,t_h_100_2x/lsci/db/PICTURES/CMS/356700/356797.1.png",Punjab Kings
Ben Stokes,Allrounder,Left hand Bat,Right arm Fast medium,"https://img1.hscicdn.com/image/upload/f_auto,t_h_100_2x/lsci/db/PICTURES/CMS/305000/305019.jpg",Chennai Super Kings
Bhagath Varma,Bowling Allrounder,Right hand Bat,Right arm Offbreak,"https://img1.hscicdn.com/image/upload/f_auto,t_h_100_2x/lsci/db/PICTURES/CMS/356800/356833.1.png",Chennai Super Kings
Bhanuka Rajapaksa,Top order Batter,Left hand Bat,Right arm Medium,"https://img1.hscicdn.com/image/upload/f_auto,t_h_100_2x/lsci/db/PICTURES/CMS/338100/338183.4.jpg",Punjab Kings
Bhuvneshwar Kumar,Bowler,Right hand Bat,Right arm Medium,"https://img1.hscicdn.com/image/upload/f_auto,t_h_100_2x/lsci/db/PICTURES/CMS/304100/304194.png",Sunrisers Hyderabad
Cameron Green,Batting Allrounder,Right hand Bat,Right arm Fast medium,"https://img1.hscicdn.com/image/upload/f_auto,t_h_100_2x/lsci/db/PICTURES/CMS/315600/315603.jpg",Mumbai Indians
Chetan Sakariya,Bowler,Left hand Bat,Left arm Medium fast,"https://img1.hscicdn.com/image/upload/f_auto,t_h_100_2x/lsci/db/PICTURES/CMS/317200/317213.jpg",Delhi Capitals
Chris Jordan,Bowler,Right hand Bat,Right arm Fast medium,"https://img1.hscicdn.com/image/upload/f_auto,t_h_100_2x/lsci/db/PICTURES/CMS/303900/303926.jpg",Mumbai Indians
Daniel Sams,Allrounder,Right hand Bat,Left arm Fast medium,"https://img1.hscicdn.com/image/upload/f_auto,t_h_100_2x/lsci/db/PICTURES/CMS/309000/309061.png",Lucknow Super Giants
Darshan Nalkande,Bowler,Right hand Bat,Right arm Fast medium,"https://img1.hscicdn.com/image/upload/f_auto,t_h_100_2x/lsci/db/PICTURES/CMS/357400/357411.1.jpg",Gujarat Titans 
Dasun Shanaka,Allrounder,Right hand Bat,Right arm Medium,"https://img1.hscicdn.com/image/upload/f_auto,t_h_100_2x/lsci/db/PICTURES/CMS/327900/327999.7.jpg",Gujarat Titans 
David Miller,Middle order Batter,Left hand Bat,Right arm Offbreak,"https://img1.hscicdn.com/image/upload/f_auto,t_h_100_2x/lsci/db/PICTURES/CMS/317900/317964.jpg",Gujarat Titans 
David Warner,Opening Batter,Left hand Bat,Legbreak,"https://img1.hscicdn.com/image/upload/f_auto,t_h_100_2x/lsci/db/PICTURES/CMS/263500/263541.1.jpg",Delhi Capitals
David Wiese,Allrounder,Right hand Bat,Right arm Medium fast,"https://img1.hscicdn.com/image/upload/f_auto,t_h_100_2x/lsci/db/PICTURES/CMS/312100/312185.png",Kolkata Knight Riders
David Willey,Bowling Allrounder,Left hand Bat,Left arm Fast medium,"https://img1.hscicdn.com/image/upload/f_auto,t_h_100_2x/lsci/db/PICTURES/CMS/305000/305028.jpg",Royal Challengers Bangalore
Deepak Chahar,Bowler,Right hand Bat,Right arm Medium,"https://img1.hscicdn.com/image/upload/f_auto,t_h_100_2x/lsci/db/PICTURES/CMS/315000/315014.jpg",Chennai Super Kings
Deepak Hooda,Allrounder,Right hand Bat,Right arm Offbreak,"https://img1.hscicdn.com/image/upload/f_auto,t_h_100_2x/lsci/db/PICTURES/CMS/343200/343251.4.jpg",Lucknow Super Giants
Devdutt Padikkal,Top order Batter,Left hand Bat,Right arm Offbreak,"https://img1.hscicdn.com/image/upload/f_auto,t_h_100_2x/lsci/db/PICTURES/CMS/308600/308625.1.jpg",Rajasthan Royals
Devon Conway,Wicketkeeper Batter,Left hand Bat,Right arm Medium,"https://img1.hscicdn.com/image/upload/f_auto,t_h_100_2x/lsci/db/PICTURES/CMS/318500/318588.1.jpg",Chennai Super Kings
Dewald Brevis,Batting Allrounder,Right hand Bat,Legbreak,"https://img1.hscicdn.com/image/upload/f_auto,t_h_100_2x/lsci/db/PICTURES/CMS/333900/333935.4.jpg",Mumbai Indians
Dhruv Jurel,Wicketkeeper Batter,Right hand Bat,DNB,"https://img1.hscicdn.com/image/upload/f_auto,t_h_100_2x/lsci/db/PICTURES/CMS/338100/338190.4.jpg",Rajasthan Royals
Dinesh Karthik,Wicketkeeper Batter,Right hand Bat,Right arm Offbreak,"https://img1.hscicdn.com/image/upload/f_auto,t_h_100_2x/lsci/db/PICTURES/CMS/304100/304195.png",Royal Challengers Bangalore
Donovan Ferreira,Allrounder,Right hand Bat,DNB,"https://img1.hscicdn.com/image/upload/f_auto,t_h_100_2x/lsci/db/PICTURES/CMS/356800/356889.1.png",Rajasthan Royals
Duan Jansen,Bowler,Right hand Bat,Left arm Fast,"https://img1.hscicdn.com/image/upload/f_auto,t_h_100_2x/lsci/db/PICTURES/CMS/357600/357638.3.jpg",Mumbai Indians
Dwaine Pretorius,Bowling Allrounder,Right hand Bat,Right arm Medium fast,"https://img1.hscicdn.com/image/upload/f_auto,t_h_100_2x/lsci/db/PICTURES/CMS/317900/317962.jpg",Chennai Super Kings
Faf du Plessis,Middle order Batter,Right hand Bat,Legbreak,"https://img1.hscicdn.com/image/upload/f_auto,t_h_100_2x/lsci/db/PICTURES/CMS/317900/317961.jpg",Royal Challengers Bangalore
Fazalhaq Farooqi,Bowler,Right hand Bat,Left arm Fast medium,"https://img1.hscicdn.com/image/upload/f_auto,t_h_100_2x/lsci/db/PICTURES/CMS/306700/306755.3.jpg",Sunrisers Hyderabad
Finn Allen,Top order Batter,Right hand Bat,DNB,"https://img1.hscicdn.com/image/upload/f_auto,t_h_100_2x/lsci/db/PICTURES/CMS/271800/271806.jpg",Royal Challengers Bangalore
Glenn Maxwell,Batting Allrounder,Right hand Bat,Right arm Offbreak,"https://img1.hscicdn.com/image/upload/f_auto,t_h_100_2x/lsci/db/PICTURES/CMS/263500/263539.1.jpg",Royal Challengers Bangalore
Glenn Phillips,Wicketkeeper Batter,Right hand Bat,Right arm Offbreak,"https://img1.hscicdn.com/image/upload/f_auto,t_h_100_2x/lsci/db/PICTURES/CMS/303500/303599.jpg",Sunrisers Hyderabad
Gurnoor Brar,Bowler,Left hand Bat,Right arm Fast,"https://img1.hscicdn.com/image/upload/f_auto,t_h_100_2x/lsci/db/PICTURES/CMS/357500/357585.4.jpg",Punjab Kings
Hardik Pandya,Allrounder,Right hand Bat,Right arm Medium fast,"https://img1.hscicdn.com/image/upload/f_auto,t_h_100_2x/lsci/db/PICTURES/CMS/304200/304201.png",Gujarat Titans 
Harpreet Brar,Bowler,Left hand Bat,Slow Left arm Orthodox,"https://img1.hscicdn.com/image/upload/f_auto,t_h_100_2x/lsci/db/PICTURES/CMS/357000/357021.1.png",Punjab Kings
Harpreet Singh,Batter,Left hand Bat,Right arm Medium,"https://img1.hscicdn.com/image/upload/f_auto,t_h_100_2x/lsci/db/PICTURES/CMS/314900/314906.jpg",Punjab Kings
Harry Brook,Batter,Right hand Bat,Right arm Medium,"https://img1.hscicdn.com/image/upload/f_auto,t_h_100_2x/lsci/db/PICTURES/CMS/271800/271830.jpg",Sunrisers Hyderabad
Harshal Patel,Bowler,Right hand Bat,Right arm Medium,"https://img1.hscicdn.com/image/upload/f_auto,t_h_100_2x/lsci/db/PICTURES/CMS/309100/309102.png",Royal Challengers Bangalore
Harshit Rana,Bowler,Right hand Bat,Right arm Fast,"https://img1.hscicdn.com/image/upload/f_auto,t_h_100_2x/lsci/db/PICTURES/CMS/357000/357017.1.png",Kolkata Knight Riders
Heinrich Klaasen,Wicketkeeper Batter,Right hand Bat,Right arm Offbreak,"https://img1.hscicdn.com/image/upload/f_auto,t_h_100_2x/lsci/db/PICTURES/CMS/317900/317958.jpg",Sunrisers Hyderabad
Himanshu Sharma,Bowler,Right hand Bat,Legbreak,"https://img1.hscicdn.com/image/upload/f_auto,t_h_100_2x/lsci/db/PICTURES/CMS/357600/357624.4.jpg",Royal Challengers Bangalore
Hrithik Shokeen,Bowler,Right hand Bat,Right arm Offbreak,"https://img1.hscicdn.com/image/upload/f_auto,t_h_100_2x/lsci/db/PICTURES/CMS/357600/357636.4.jpg",Mumbai Indians
Ishan Kishan,Wicketkeeper Batter,Left hand Bat,DNB,"https://img1.hscicdn.com/image/upload/f_auto,t_h_100_2x/lsci/db/PICTURES/CMS/329300/329345.4.jpg",Mumbai Indians
Ishant Sharma,Bowler,Right hand Bat,Right arm Fast medium,"https://img1.hscicdn.com/image/upload/f_auto,t_h_100_2x/lsci/db/PICTURES/CMS/302300/302388.jpg",Delhi Capitals
Jason Behrendorff,Bowler,Right hand Bat,Left arm Fast medium,"https://img1.hscicdn.com/image/upload/f_auto,t_h_100_2x/lsci/db/PICTURES/CMS/289900/289948.jpg",Mumbai Indians
Jason Holder,Bowling Allrounder,Right hand Bat,Right arm Medium fast,"https://img1.hscicdn.com/image/upload/f_auto,t_h_100_2x/lsci/db/PICTURES/CMS/214700/214757.1.jpg",Rajasthan Royals
Jason Roy,Opening Batter,Right hand Bat,DNB,"https://img1.hscicdn.com/image/upload/f_auto,t_h_100_2x/lsci/db/PICTURES/CMS/303900/303963.jpg",Kolkata Knight Riders
Jasprit Bumrah,Bowler,Right hand Bat,Right arm Fast,"https://img1.hscicdn.com/image/upload/f_auto,t_h_100_2x/lsci/db/PICTURES/CMS/356800/356849.1.png",Mumbai Indians
Jayant Yadav,Bowler,Right hand Bat,Right arm Offbreak,"https://img1.hscicdn.com/image/upload/f_auto,t_h_100_2x/lsci/db/PICTURES/CMS/356700/356781.1.png",Gujarat Titans 
Jaydev Unadkat,Bowler,Right hand Bat,Left arm Medium,"https://img1.hscicdn.com/image/upload/f_auto,t_h_100_2x/lsci/db/PICTURES/CMS/302300/302392.jpg",Lucknow Super Giants
Jhye Richardson,Bowler,Right hand Bat,Right arm Fast,"https://img1.hscicdn.com/image/upload/f_auto,t_h_100_2x/lsci/db/PICTURES/CMS/218400/218405.1.jpg",Mumbai Indians
Jitesh Sharma,Wicketkeeper Batter,Right hand Bat,DNB,https://wassets.hscicdn.com/static/images/player-jersey.svg,Punjab Kings
Joe Root,Top order Batter,Right hand Bat,Right arm Offbreak,"https://img1.hscicdn.com/image/upload/f_auto,t_h_100_2x/lsci/db/PICTURES/CMS/303900/303966.jpg",Rajasthan Royals
Jofra Archer,Bowler,Right hand Bat,Right arm Fast,"https://img1.hscicdn.com/image/upload/f_auto,t_h_100_2x/lsci/db/PICTURES/CMS/305000/305033.jpg",Mumbai Indians
Johnson Charles,Wicketkeeper Batter,Right hand Bat,DNB,"https://img1.hscicdn.com/image/upload/f_auto,t_h_100_2x/lsci/db/PICTURES/CMS/144900/144991.1.jpg",Kolkata Knight Riders
Jonny Bairstow,Wicketkeeper Batter,Right hand Bat,Right arm Medium,"https://img1.hscicdn.com/image/upload/f_auto,t_h_100_2x/lsci/db/PICTURES/CMS/304900/304906.jpg",Punjab Kings
Jos Buttler,Wicketkeeper Batter,Right hand Bat,DNB,"https://img1.hscicdn.com/image/upload/f_auto,t_h_100_2x/lsci/db/PICTURES/CMS/303900/303969.jpg",Rajasthan Royals
Josh Hazlewood,Bowler,Left hand Bat,Right arm Fast medium,"https://img1.hscicdn.com/image/upload/f_auto,t_h_100_2x/lsci/db/PICTURES/CMS/263500/263531.1.jpg",Royal Challengers Bangalore
Josh Little,Bowler,Right hand Bat,Left arm Fast medium,"https://img1.hscicdn.com/image/upload/f_auto,t_h_100_2x/lsci/db/PICTURES/CMS/257600/257637.1.jpg",Gujarat Titans 
Kagiso Rabada,Bowler,Left hand Bat,Right arm Fast,"https://img1.hscicdn.com/image/upload/f_auto,t_h_100_2x/lsci/db/PICTURES/CMS/317900/317954.jpg",Punjab Kings
Kamlesh Nagarkoti,Bowler,Right hand Bat,Right arm Fast,"https://img1.hscicdn.com/image/upload/f_auto,t_h_100_2x/lsci/db/PICTURES/CMS/271800/271894.4.jpg",Delhi Capitals
Kane Williamson,Top order Batter,Right hand Bat,DNB,"https://img1.hscicdn.com/image/upload/f_auto,t_h_100_2x/lsci/db/PICTURES/CMS/303600/303652.png",Gujarat Titans 
Karan Sharma,Allrounder,Right hand Bat,Right arm Offbreak,"https://img1.hscicdn.com/image/upload/f_auto,t_h_100_2x/lsci/db/PICTURES/CMS/357400/357412.3.jpg",Lucknow Super Giants
Karn Sharma,Bowler,Left hand Bat,Legbreak Googly,"https://img1.hscicdn.com/image/upload/f_auto,t_h_100_2x/lsci/db/PICTURES/CMS/309100/309104.png",Royal Challengers Bangalore
Kartik Tyagi,Bowler,Right hand Bat,Right arm Fast,"https://img1.hscicdn.com/image/upload/f_auto,t_h_100_2x/lsci/db/PICTURES/CMS/299800/299848.1.jpg",Sunrisers Hyderabad
KC Cariappa,Bowler,Right hand Bat,Legbreak,"https://img1.hscicdn.com/image/upload/f_auto,t_h_100_2x/lsci/db/PICTURES/CMS/356800/356801.1.png",Rajasthan Royals
Kedar Jadhav,Batting Allrounder,Right hand Bat,Right arm Offbreak,"https://img1.hscicdn.com/image/upload/f_auto,t_h_100_2x/lsci/db/PICTURES/CMS/302500/302569.jpg",Royal Challengers Bangalore
Khaleel Ahmed,Bowler,Right hand Bat,Left arm Medium,"https://img1.hscicdn.com/image/upload/f_auto,t_h_100_2x/lsci/db/PICTURES/CMS/315000/315022.jpg",Delhi Capitals
KL Rahul,Wicketkeeper Batter,Right hand Bat,DNB,"https://img1.hscicdn.com/image/upload/f_auto,t_h_100_2x/lsci/db/PICTURES/CMS/304200/304207.png",Lucknow Super Giants
KM Asif,Bowler,Right hand Bat,Right arm Medium,"https://img1.hscicdn.com/image/upload/f_auto,t_h_100_2x/lsci/db/PICTURES/CMS/356800/356800.1.png",Rajasthan Royals
Krishnappa Gowtham,Bowling Allrounder,Right hand Bat,Right arm Offbreak,"https://img1.hscicdn.com/image/upload/f_auto,t_h_100_2x/lsci/db/PICTURES/CMS/356800/356850.1.png",Lucknow Super Giants
Krunal Pandya,Allrounder,Left hand Bat,Slow Left arm Orthodox,"https://img1.hscicdn.com/image/upload/f_auto,t_h_100_2x/lsci/db/PICTURES/CMS/309000/309070.jpg",Lucknow Super Giants
Kuldeep Sen,Bowler,Right hand Bat,Right arm Fast,https://wassets.hscicdn.com/static/images/player-jersey.svg,Rajasthan Royals
Kuldeep Yadav,Bowler,Left hand Bat,Left arm Wrist spin,"https://img1.hscicdn.com/image/upload/f_auto,t_h_100_2x/lsci/db/PICTURES/CMS/304200/304208.png",Delhi Capitals
Kuldip Yadav,Bowler,Left hand Bat,Left arm Fast medium,https://wassets.hscicdn.com/static/images/player-jersey.svg,Rajasthan Royals
Kulwant Khejroliya,Bowler,Left hand Bat,Left arm Medium fast,"https://img1.hscicdn.com/image/upload/f_auto,t_h_100_2x/lsci/db/PICTURES/CMS/357000/357018.1.png",Kolkata Knight Riders
Kumar Kartikeya,Bowler,Right hand Bat,Slow Left arm Orthodox,"https://img1.hscicdn.com/image/upload/f_auto,t_h_100_2x/lsci/db/PICTURES/CMS/357600/357637.4.jpg",Mumbai Indians
Kunal Singh Rathore,Wicketkeeper Batter,Left hand Bat,DNB,https://wassets.hscicdn.com/static/images/player-jersey.svg,Rajasthan Royals
Kyle Jamieson,Bowler,Right hand Bat,Right arm Fast medium,"https://img1.hscicdn.com/image/upload/f_auto,t_h_100_2x/lsci/db/PICTURES/CMS/303500/303584.jpg",Chennai Super Kings
Kyle Mayers,Batting Allrounder,Left hand Bat,Right arm Medium,"https://img1.hscicdn.com/image/upload/f_auto,t_h_100_2x/lsci/db/PICTURES/CMS/316000/316081.png",Lucknow Super Giants
Lalit Yadav,Allrounder,Right hand Bat,Right arm Offbreak,"https://img1.hscicdn.com/image/upload/f_auto,t_h_100_2x/lsci/db/PICTURES/CMS/336900/336900.4.jpg",Delhi Capitals
Liam Livingstone,Batting Allrounder,Right hand Bat,Right arm Offbreak,"https://img1.hscicdn.com/image/upload/f_auto,t_h_100_2x/lsci/db/PICTURES/CMS/356700/356798.1.png",Punjab Kings
Litton Das,Wicketkeeper Batter,Right hand Bat,Right arm Offbreak,"https://img1.hscicdn.com/image/upload/f_auto,t_h_100_2x/lsci/db/PICTURES/CMS/302900/302995.jpg",Kolkata Knight Riders
Lockie Ferguson,Bowler,Right hand Bat,Right arm Fast,"https://img1.hscicdn.com/image/upload/f_auto,t_h_100_2x/lsci/db/PICTURES/CMS/303800/303800.png",Kolkata Knight Riders
Lungi Ngidi,Bowler,Right hand Bat,Right arm Fast medium,"https://img1.hscicdn.com/image/upload/f_auto,t_h_100_2x/lsci/db/PICTURES/CMS/317900/317951.jpg",Delhi Capitals
M Shahrukh Khan,Batter,Right hand Bat,Right arm Offbreak,"https://img1.hscicdn.com/image/upload/f_auto,t_h_100_2x/lsci/db/PICTURES/CMS/357500/357536.4.jpg",Punjab Kings
Maheesh Theekshana,Bowler,Right hand Bat,Right arm Offbreak,"https://img1.hscicdn.com/image/upload/f_auto,t_h_100_2x/lsci/db/PICTURES/CMS/336200/336296.4.jpg",Chennai Super Kings
Mahipal Lomror,Allrounder,Left hand Bat,Slow Left arm Orthodox,"https://img1.hscicdn.com/image/upload/f_auto,t_h_100_2x/lsci/db/PICTURES/CMS/315000/315015.jpg",Royal Challengers Bangalore
Manan Vohra,Opening Batter,Right hand Bat,Right arm Medium,"https://img1.hscicdn.com/image/upload/f_auto,t_h_100_2x/lsci/db/PICTURES/CMS/356700/356788.1.png",Lucknow Super Giants
Mandeep Singh,Allrounder,Right hand Bat,Right arm Medium,"https://img1.hscicdn.com/image/upload/f_auto,t_h_100_2x/lsci/db/PICTURES/CMS/356800/356825.1.png",Kolkata Knight Riders
Manish Pandey,Top order Batter,Right hand Bat,Right arm Medium,"https://img1.hscicdn.com/image/upload/f_auto,t_h_100_2x/lsci/db/PICTURES/CMS/302500/302572.jpg",Delhi Capitals
Manoj Bhandage,Allrounder,Left hand Bat,Right arm Medium fast,"https://img1.hscicdn.com/image/upload/f_auto,t_h_100_2x/lsci/db/PICTURES/CMS/357600/357622.4.jpg",Royal Challengers Bangalore
Marco Jansen,Bowling Allrounder,Right hand Bat,Left arm Medium fast,"https://img1.hscicdn.com/image/upload/f_auto,t_h_100_2x/lsci/db/PICTURES/CMS/335000/335050.4.jpg",Sunrisers Hyderabad
Marcus Stoinis,Batting Allrounder,Right hand Bat,Right arm Medium,"https://img1.hscicdn.com/image/upload/f_auto,t_h_100_2x/lsci/db/PICTURES/CMS/309100/309100.jpg",Lucknow Super Giants
Mark Wood,Bowler,Right hand Bat,Right arm Fast,"https://img1.hscicdn.com/image/upload/f_auto,t_h_100_2x/lsci/db/PICTURES/CMS/303900/303977.jpg",Lucknow Super Giants
Matheesha Pathirana,Bowler,Right hand Bat,Right arm Fast,"https://img1.hscicdn.com/image/upload/f_auto,t_h_100_2x/lsci/db/PICTURES/CMS/350000/350094.4.jpg",Chennai Super Kings
Matthew Short,Top order Batter,Right hand Bat,Right arm Offbreak,"https://img1.hscicdn.com/image/upload/f_auto,t_h_100_2x/lsci/db/PICTURES/CMS/179400/179415.1.jpg",Punjab Kings
Matthew Wade,Wicketkeeper Batter,Left hand Bat,Right arm Medium,"https://img1.hscicdn.com/image/upload/f_auto,t_h_100_2x/lsci/db/PICTURES/CMS/263500/263523.1.jpg",Gujarat Titans 
Mayank Agarwal,Batter,Right hand Bat,Right arm Offbreak,"https://img1.hscicdn.com/image/upload/f_auto,t_h_100_2x/lsci/db/PICTURES/CMS/302300/302377.jpg",Sunrisers Hyderabad
Mayank Dagar,Bowler,Right hand Bat,Slow Left arm Orthodox,"https://img1.hscicdn.com/image/upload/f_auto,t_h_100_2x/lsci/db/PICTURES/CMS/356800/356822.1.png",Sunrisers Hyderabad
Mayank Markande,Bowler,Right hand Bat,Legbreak,"https://img1.hscicdn.com/image/upload/f_auto,t_h_100_2x/lsci/db/PICTURES/CMS/356800/356819.1.png",Sunrisers Hyderabad
Mayank Yadav,Bowler,Right hand Bat,Right arm Medium fast,"https://img1.hscicdn.com/image/upload/f_auto,t_h_100_2x/lsci/db/PICTURES/CMS/358700/358724.4.jpg",Lucknow Super Giants
Michael Bracewell,Batting Allrounder,Left hand Bat,Right arm Offbreak,"https://img1.hscicdn.com/image/upload/f_auto,t_h_100_2x/lsci/db/PICTURES/CMS/356800/356810.1.png",Royal Challengers Bangalore
Mitchell Marsh,Allrounder,Right hand Bat,Right arm Medium,"https://img1.hscicdn.com/image/upload/f_auto,t_h_100_2x/lsci/db/PICTURES/CMS/356700/356780.1.png",Delhi Capitals
Mitchell Santner,Bowling Allrounder,Left hand Bat,Slow Left arm Orthodox,"https://img1.hscicdn.com/image/upload/f_auto,t_h_100_2x/lsci/db/PICTURES/CMS/356800/356846.1.png",Chennai Super Kings
Moeen Ali,Batting Allrounder,Left hand Bat,Right arm Offbreak,"https://img1.hscicdn.com/image/upload/f_auto,t_h_100_2x/lsci/db/PICTURES/CMS/289600/289661.1.jpg",Chennai Super Kings
Mohammed Shami,Bowler,Right hand Bat,Right arm Fast,"https://img1.hscicdn.com/image/upload/f_auto,t_h_100_2x/lsci/db/PICTURES/CMS/304200/304210.png",Gujarat Titans 
Mohammed Siraj,Bowler,Right hand Bat,Right arm Fast,"https://img1.hscicdn.com/image/upload/f_auto,t_h_100_2x/lsci/db/PICTURES/CMS/315600/315604.jpg",Royal Challengers Bangalore
Mohit Rathee,Allrounder,Right hand Bat,Legbreak,"https://img1.hscicdn.com/image/upload/f_auto,t_h_100_2x/lsci/db/PICTURES/CMS/357300/357393.1.png",Punjab Kings
Mohit Sharma,Bowler,Right hand Bat,Right arm Medium,"https://img1.hscicdn.com/image/upload/f_auto,t_h_100_2x/lsci/db/PICTURES/CMS/307400/307489.png",Gujarat Titans 
Mohsin Khan,Bowler,Left hand Bat,Left arm Medium fast,"https://img1.hscicdn.com/image/upload/f_auto,t_h_100_2x/lsci/db/PICTURES/CMS/357400/357414.3.jpg",Lucknow Super Giants
MS Dhoni,Wicketkeeper Batter,Right hand Bat,Right arm Medium,"https://img1.hscicdn.com/image/upload/f_auto,t_h_100_2x/lsci/db/PICTURES/CMS/302400/302402.jpg",Chennai Super Kings
Mukesh Choudhary,Bowler,Left hand Bat,Left arm Medium,"https://img1.hscicdn.com/image/upload/f_auto,t_h_100_2x/lsci/db/PICTURES/CMS/356800/356834.1.png",Chennai Super Kings
Mukesh Kumar,Bowler,Right hand Bat,Right arm Medium,https://wassets.hscicdn.com/static/images/player-jersey.svg,Delhi Capitals
Murugan Ashwin,Bowler,Right hand Bat,Legbreak Googly,"https://img1.hscicdn.com/image/upload/f_auto,t_h_100_2x/lsci/db/PICTURES/CMS/309000/309077.jpg",Rajasthan Royals
Mustafizur Rahman,Bowler,Left hand Bat,Left arm Fast medium,"https://img1.hscicdn.com/image/upload/f_auto,t_h_100_2x/lsci/db/PICTURES/CMS/263500/263578.jpg",Delhi Capitals
Narayan Jagadeesan,Opening Batter,Right hand Bat,DNB,"https://img1.hscicdn.com/image/upload/f_auto,t_h_100_2x/lsci/db/PICTURES/CMS/309100/309103.square.png",Kolkata Knight Riders
Nathan Ellis,Bowler,Right hand Bat,Right arm Fast medium,"https://img1.hscicdn.com/image/upload/f_auto,t_h_100_2x/lsci/db/PICTURES/CMS/327000/327014.4.jpg",Punjab Kings
Navdeep Saini,Bowler,Right hand Bat,Right arm Fast,"https://img1.hscicdn.com/image/upload/f_auto,t_h_100_2x/lsci/db/PICTURES/CMS/356800/356809.1.png",Rajasthan Royals
Naveen-ul-Haq,Bowler,Right hand Bat,Right arm Medium fast,"https://img1.hscicdn.com/image/upload/f_auto,t_h_100_2x/lsci/db/PICTURES/CMS/303200/303285.jpg",Lucknow Super Giants
Nehal Wadhera,Top order Batter,Left hand Bat,Legbreak,"https://img1.hscicdn.com/image/upload/f_auto,t_h_100_2x/lsci/db/PICTURES/CMS/357800/357843.1.png",Mumbai Indians
Nicholas Pooran,Wicketkeeper Batter,Left hand Bat,Right arm Offbreak,"https://img1.hscicdn.com/image/upload/f_auto,t_h_100_2x/lsci/db/PICTURES/CMS/302200/302286.jpg",Lucknow Super Giants
Nishant Sindhu,Allrounder,Left hand Bat,Slow Left arm Orthodox,"https://img1.hscicdn.com/image/upload/f_auto,t_h_100_2x/lsci/db/PICTURES/CMS/338200/338260.4.jpg",Chennai Super Kings
Nitish Kumar Reddy,Batting Allrounder,Right hand Bat,Right arm Medium fast,"https://img1.hscicdn.com/image/upload/f_auto,t_h_100_2x/lsci/db/PICTURES/CMS/314800/314899.png",Sunrisers Hyderabad
Nitish Rana,Middle order Batter,Left hand Bat,Right arm Offbreak,"https://img1.hscicdn.com/image/upload/f_auto,t_h_100_2x/lsci/db/PICTURES/CMS/356700/356782.1.png",Kolkata Knight Riders
Noor Ahmad,Bowler,Right hand Bat,Left arm Wrist spin,"https://img1.hscicdn.com/image/upload/f_auto,t_h_100_2x/lsci/db/PICTURES/CMS/311200/311270.jpg",Gujarat Titans 
Obed McCoy,Bowler,Left hand Bat,Left arm Fast medium,"https://img1.hscicdn.com/image/upload/f_auto,t_h_100_2x/lsci/db/PICTURES/CMS/322000/322031.png",Rajasthan Royals
Odean Smith,Bowling Allrounder,Right hand Bat,Right arm Fast medium,"https://img1.hscicdn.com/image/upload/f_auto,t_h_100_2x/lsci/db/PICTURES/CMS/348100/348147.4.jpg",Gujarat Titans 
Phil Salt,Wicketkeeper Batter,Right hand Bat,Right arm Offbreak,"https://img1.hscicdn.com/image/upload/f_auto,t_h_100_2x/lsci/db/PICTURES/CMS/312100/312181.png",Delhi Capitals
Piyush Chawla,Bowling Allrounder,Left hand Bat,Legbreak,"https://img1.hscicdn.com/image/upload/f_auto,t_h_100_2x/lsci/db/PICTURES/CMS/304200/304219.png",Mumbai Indians
Prabhsimran Singh,Wicketkeeper Batter,Right hand Bat,DNB,"https://img1.hscicdn.com/image/upload/f_auto,t_h_100_2x/lsci/db/PICTURES/CMS/352900/352932.4.jpg",Punjab Kings
Pradeep Sangwan,Bowler,Right hand Bat,Left arm Medium,"https://img1.hscicdn.com/image/upload/f_auto,t_h_100_2x/lsci/db/PICTURES/CMS/337400/337448.15.jpg",Gujarat Titans 
Prashant Solanki,Bowler,Right hand Bat,Legbreak,"https://img1.hscicdn.com/image/upload/f_auto,t_h_100_2x/lsci/db/PICTURES/CMS/356800/356836.1.png",Chennai Super Kings
Prasidh Krishna,Bowler,Right hand Bat,Right arm Fast medium,"https://img1.hscicdn.com/image/upload/f_auto,t_h_100_2x/lsci/db/PICTURES/CMS/356800/356808.1.png",Rajasthan Royals
Praveen Dubey,Bowler,Right hand Bat,Legbreak Googly,"https://img1.hscicdn.com/image/upload/f_auto,t_h_100_2x/lsci/db/PICTURES/CMS/310700/310753.jpg",Delhi Capitals
Prerak Mankad,Allrounder,Right hand Bat,Right arm Medium,https://wassets.hscicdn.com/static/images/player-jersey.svg,Lucknow Super Giants
Prithvi Shaw,Opening Batter,Right hand Bat,Right arm Offbreak,"https://img1.hscicdn.com/image/upload/f_auto,t_h_100_2x/lsci/db/PICTURES/CMS/356800/356848.1.png",Delhi Capitals
Priyam Garg,Top order Batter,Right hand Bat,Right arm Medium,"https://img1.hscicdn.com/image/upload/f_auto,t_h_100_2x/lsci/db/PICTURES/CMS/309000/309082.png",Delhi Capitals
Quinton de Kock,Wicketkeeper Batter,Left hand Bat,DNB,"https://img1.hscicdn.com/image/upload/f_auto,t_h_100_2x/lsci/db/PICTURES/CMS/317900/317947.jpg",Lucknow Super Giants
Raghav Goyal,Bowler,Left hand Bat,Left arm Wrist spin,"https://img1.hscicdn.com/image/upload/f_auto,t_h_100_2x/lsci/db/PICTURES/CMS/357600/357635.4.jpg",Mumbai Indians
Rahmanullah Gurbaz,Wicketkeeper Batter,Right hand Bat,DNB,"https://img1.hscicdn.com/image/upload/f_auto,t_h_100_2x/lsci/db/PICTURES/CMS/357000/357020.1.png",Kolkata Knight Riders
Rahul Chahar,Bowler,Right hand Bat,Legbreak Googly,"https://img1.hscicdn.com/image/upload/f_auto,t_h_100_2x/lsci/db/PICTURES/CMS/329300/329346.4.jpg",Punjab Kings
Rahul Tewatia,Bowling Allrounder,Left hand Bat,Legbreak,"https://img1.hscicdn.com/image/upload/f_auto,t_h_100_2x/lsci/db/PICTURES/CMS/184200/184293.jpg",Gujarat Titans 
Rahul Tripathi,Top order Batter,Right hand Bat,Right arm Medium,"https://img1.hscicdn.com/image/upload/f_auto,t_h_100_2x/lsci/db/PICTURES/CMS/356800/356821.1.png",Sunrisers Hyderabad
Raj Bawa,Allrounder,Left hand Bat,Right arm Medium fast,"https://img1.hscicdn.com/image/upload/f_auto,t_h_100_2x/lsci/db/PICTURES/CMS/337400/337424.4.jpg",Punjab Kings
Rajan Kumar,Bowler,Left hand Bat,Left arm Medium fast,"https://img1.hscicdn.com/image/upload/f_auto,t_h_100_2x/lsci/db/PICTURES/CMS/357600/357625.4.jpg",Royal Challengers Bangalore
Rajat Patidar,Top order Batter,Right hand Bat,Right arm Offbreak,https://wassets.hscicdn.com/static/images/player-jersey.svg,Royal Challengers Bangalore
Rajvardhan Hangargekar,Bowling Allrounder,Right hand Bat,Right arm Fast medium,"https://img1.hscicdn.com/image/upload/f_auto,t_h_100_2x/lsci/db/PICTURES/CMS/336200/336292.4.jpg",Chennai Super Kings
Ramandeep Singh,Middle order Batter,Right hand Bat,Right arm Medium,"https://img1.hscicdn.com/image/upload/f_auto,t_h_100_2x/lsci/db/PICTURES/CMS/357800/357844.1.png",Mumbai Indians
Rashid Khan,Bowling Allrounder,Right hand Bat,Legbreak Googly,"https://img1.hscicdn.com/image/upload/f_auto,t_h_100_2x/lsci/db/PICTURES/CMS/289200/289234.1.jpg",Gujarat Titans 
Ravi Bishnoi,Bowler,Right hand Bat,Legbreak Googly,"https://img1.hscicdn.com/image/upload/f_auto,t_h_100_2x/lsci/db/PICTURES/CMS/335000/335051.4.jpg",Lucknow Super Giants
Ravichandran Ashwin,Bowling Allrounder,Right hand Bat,Right arm Offbreak,"https://img1.hscicdn.com/image/upload/f_auto,t_h_100_2x/lsci/db/PICTURES/CMS/302300/302395.jpg",Rajasthan Royals
Ravindra Jadeja,Allrounder,Left hand Bat,Slow Left arm Orthodox,"https://img1.hscicdn.com/image/upload/f_auto,t_h_100_2x/lsci/db/PICTURES/CMS/302300/302394.jpg",Chennai Super Kings
Ravisrinivasan Sai Kishore,Bowler,Left hand Bat,Slow Left arm Orthodox,https://wassets.hscicdn.com/static/images/player-jersey.svg,Gujarat Titans 
Reece Topley,Bowler,Right hand Bat,Left arm Fast medium,"https://img1.hscicdn.com/image/upload/f_auto,t_h_100_2x/lsci/db/PICTURES/CMS/356800/356811.1.png",Royal Challengers Bangalore
Rilee Rossouw,Top order Batter,Left hand Bat,Right arm Offbreak,"https://img1.hscicdn.com/image/upload/f_auto,t_h_100_2x/lsci/db/PICTURES/CMS/312100/312176.png",Delhi Capitals
Riley Meredith,Bowler,Right hand Bat,Right arm Fast,"https://img1.hscicdn.com/image/upload/f_auto,t_h_100_2x/lsci/db/PICTURES/CMS/313600/313637.1.jpg",Mumbai Indians
Rinku Singh,Middle order Batter,Left hand Bat,Right arm Offbreak,"https://img1.hscicdn.com/image/upload/f_auto,t_h_100_2x/lsci/db/PICTURES/CMS/338100/338171.4.jpg",Kolkata Knight Riders
Ripal Patel,Middle order Batter,Right hand Bat,Right arm Medium fast,"https://img1.hscicdn.com/image/upload/f_auto,t_h_100_2x/lsci/db/PICTURES/CMS/356800/356826.1.png",Delhi Capitals
Rishabh Pant,Wicketkeeper Batter,Left hand Bat,DNB,"https://img1.hscicdn.com/image/upload/f_auto,t_h_100_2x/lsci/db/PICTURES/CMS/304200/304221.png",Delhi Capitals
Rishi Dhawan,Allrounder,Right hand Bat,Right arm Medium fast,"https://img1.hscicdn.com/image/upload/f_auto,t_h_100_2x/lsci/db/PICTURES/CMS/314900/314991.jpg",Punjab Kings
Riyan Parag,Top order Batter,Right hand Bat,Legbreak,"https://img1.hscicdn.com/image/upload/f_auto,t_h_100_2x/lsci/db/PICTURES/CMS/271800/271898.jpg",Rajasthan Royals
Rohit Sharma,Top order Batter,Right hand Bat,Right arm Offbreak,"https://img1.hscicdn.com/image/upload/f_auto,t_h_100_2x/lsci/db/PICTURES/CMS/302300/302374.jpg",Mumbai Indians
Romario Shepherd,Bowling Allrounder,Right hand Bat,Right arm Fast medium,"https://img1.hscicdn.com/image/upload/f_auto,t_h_100_2x/lsci/db/PICTURES/CMS/322000/322037.png",Lucknow Super Giants
Rovman Powell,Middle order Batter,Right hand Bat,Right arm Medium fast,"https://img1.hscicdn.com/image/upload/f_auto,t_h_100_2x/lsci/db/PICTURES/CMS/246200/246267.1.jpg",Delhi Capitals
Ruturaj Gaikwad,Batter,Right hand Bat,Right arm Offbreak,"https://img1.hscicdn.com/image/upload/f_auto,t_h_100_2x/lsci/db/PICTURES/CMS/356700/356779.1.png",Chennai Super Kings
Sai Sudharsan,Top order Batter,Left hand Bat,Legbreak,"https://img1.hscicdn.com/image/upload/f_auto,t_h_100_2x/lsci/db/PICTURES/CMS/356800/356851.1.png",Gujarat Titans 
Sam Curran,Allrounder,Left hand Bat,Left arm Medium fast,"https://img1.hscicdn.com/image/upload/f_auto,t_h_100_2x/lsci/db/PICTURES/CMS/304300/304324.jpg",Punjab Kings
Samarth Vyas,Allrounder,Right hand Bat,Legbreak Googly,https://wassets.hscicdn.com/static/images/player-jersey.svg,Sunrisers Hyderabad
Sandeep Sharma,Bowler,Right hand Bat,Right arm Medium,"https://img1.hscicdn.com/image/upload/f_auto,t_h_100_2x/lsci/db/PICTURES/CMS/149100/149117.jpg",Rajasthan Royals
Sandeep Warrier,Bowler,Right hand Bat,Right arm Medium,"https://img1.hscicdn.com/image/upload/f_auto,t_h_100_2x/lsci/db/PICTURES/CMS/357400/357470.3.jpg",Mumbai Indians
Sanju Samson,Wicketkeeper Batter,Right hand Bat,DNB,"https://img1.hscicdn.com/image/upload/f_auto,t_h_100_2x/lsci/db/PICTURES/CMS/318800/318843.jpg",Rajasthan Royals
Sanvir Singh,Allrounder,Right hand Bat,Right arm Medium,"https://img1.hscicdn.com/image/upload/f_auto,t_h_100_2x/lsci/db/PICTURES/CMS/357500/357584.4.jpg",Sunrisers Hyderabad
Sarfaraz Khan,Middle order Batter,Right hand Bat,Legbreak,"https://img1.hscicdn.com/image/upload/f_auto,t_h_100_2x/lsci/db/PICTURES/CMS/336800/336899.4.jpg",Delhi Capitals
Shahbaz Ahmed,Allrounder,Left hand Bat,Slow Left arm Orthodox,"https://img1.hscicdn.com/image/upload/f_auto,t_h_100_2x/lsci/db/PICTURES/CMS/308600/308627.1.jpg",Royal Challengers Bangalore
Shaik Rasheed,Batter,Right hand Bat,Legbreak,"https://img1.hscicdn.com/image/upload/f_auto,t_h_100_2x/lsci/db/PICTURES/CMS/338100/338195.4.jpg",Chennai Super Kings
Shakib Al Hasan,Allrounder,Left hand Bat,Slow Left arm Orthodox,"https://img1.hscicdn.com/image/upload/f_auto,t_h_100_2x/lsci/db/PICTURES/CMS/303100/303157.jpg",Kolkata Knight Riders
Shams Mulani,Allrounder,Left hand Bat,Slow Left arm Orthodox,"https://img1.hscicdn.com/image/upload/f_auto,t_h_100_2x/lsci/db/PICTURES/CMS/357800/357845.1.png",Mumbai Indians
Shardul Thakur,Bowler,Right hand Bat,Right arm Medium,"https://img1.hscicdn.com/image/upload/f_auto,t_h_100_2x/lsci/db/PICTURES/CMS/302300/302372.jpg",Kolkata Knight Riders
Shikhar Dhawan,Opening Batter,Left hand Bat,Right arm Offbreak,"https://img1.hscicdn.com/image/upload/f_auto,t_h_100_2x/lsci/db/PICTURES/CMS/302300/302373.jpg",Punjab Kings
Shimron Hetmyer,Top order Batter,Left hand Bat,DNB,"https://img1.hscicdn.com/image/upload/f_auto,t_h_100_2x/lsci/db/PICTURES/CMS/356800/356802.1.png",Rajasthan Royals
Shivam Dube,Allrounder,Left hand Bat,Right arm Medium,"https://img1.hscicdn.com/image/upload/f_auto,t_h_100_2x/lsci/db/PICTURES/CMS/356700/356768.1.png",Chennai Super Kings
Shivam Mavi,Bowler,Right hand Bat,Right arm Fast medium,"https://img1.hscicdn.com/image/upload/f_auto,t_h_100_2x/lsci/db/PICTURES/CMS/338100/338173.4.jpg",Gujarat Titans 
Shivam Singh,Middle order Batter,Right hand Bat,Right arm Offbreak,https://wassets.hscicdn.com/static/images/player-jersey.svg,Punjab Kings
Shreyas Iyer,Top order Batter,Right hand Bat,Right arm Offbreak,"https://img1.hscicdn.com/image/upload/f_auto,t_h_100_2x/lsci/db/PICTURES/CMS/309100/309198.1.jpg",Kolkata Knight Riders
Shubman Gill,Opening Batter,Right hand Bat,Right arm Offbreak,"https://img1.hscicdn.com/image/upload/f_auto,t_h_100_2x/lsci/db/PICTURES/CMS/312100/312153.jpg",Gujarat Titans 
Siddarth Kaul,Bowler,Right hand Bat,Right arm Medium,"https://img1.hscicdn.com/image/upload/f_auto,t_h_100_2x/lsci/db/PICTURES/CMS/309000/309092.png",Royal Challengers Bangalore
Sikandar Raza,Batting Allrounder,Right hand Bat,Right arm Offbreak,"https://img1.hscicdn.com/image/upload/f_auto,t_h_100_2x/lsci/db/PICTURES/CMS/181300/181305.1.jpg",Punjab Kings
Simarjeet Singh,Bowler,Right hand Bat,Right arm Medium fast,"https://img1.hscicdn.com/image/upload/f_auto,t_h_100_2x/lsci/db/PICTURES/CMS/356800/356835.1.png",Chennai Super Kings
Sisanda Magala,Bowler,Right hand Bat,Right arm Fast medium,"https://img1.hscicdn.com/image/upload/f_auto,t_h_100_2x/lsci/db/PICTURES/CMS/324700/324707.1.jpg",Chennai Super Kings
Sonu Yadav,Allrounder,Right hand Bat,Right arm Medium fast,"https://img1.hscicdn.com/image/upload/f_auto,t_h_100_2x/lsci/db/PICTURES/CMS/357600/357623.4.jpg",Royal Challengers Bangalore
Srikar Bharat,Wicketkeeper Batter,Right hand Bat,DNB,"https://img1.hscicdn.com/image/upload/f_auto,t_h_100_2x/lsci/db/PICTURES/CMS/314800/314851.png",Gujarat Titans 
Subhranshu Senapati,Top order Batter,Right hand Bat,Right arm Medium,"https://img1.hscicdn.com/image/upload/f_auto,t_h_100_2x/lsci/db/PICTURES/CMS/356800/356837.1.png",Chennai Super Kings
Sunil Narine,Bowling Allrounder,Left hand Bat,Right arm Offbreak,"https://img1.hscicdn.com/image/upload/f_auto,t_h_100_2x/lsci/db/PICTURES/CMS/203300/203303.1.jpg",Kolkata Knight Riders
Suryakumar Yadav,Batter,Right hand Bat,Right arm Offbreak,"https://img1.hscicdn.com/image/upload/f_auto,t_h_100_2x/lsci/db/PICTURES/CMS/329300/329343.4.jpg",Mumbai Indians
Suyash Prabhudessai,Batting Allrounder,Right hand Bat,Right arm Medium,"https://img1.hscicdn.com/image/upload/f_auto,t_h_100_2x/lsci/db/PICTURES/CMS/357600/357630.4.jpg",Royal Challengers Bangalore
Suyash Sharma,Bowler,Right hand Bat,Legbreak Googly,"https://img1.hscicdn.com/image/upload/f_auto,t_h_100_2x/lsci/db/PICTURES/CMS/357000/357016.1.png",Kolkata Knight Riders
Swapnil Singh,Bowler,Right hand Bat,Slow Left arm Orthodox,"https://img1.hscicdn.com/image/upload/f_auto,t_h_100_2x/lsci/db/PICTURES/CMS/357000/357025.1.png",Lucknow Super Giants
T Natarajan,Bowler,Left hand Bat,Left arm Medium,"https://img1.hscicdn.com/image/upload/f_auto,t_h_100_2x/lsci/db/PICTURES/CMS/315600/315602.jpg",Sunrisers Hyderabad
Tilak Varma,Batting Allrounder,Left hand Bat,Right arm Offbreak,"https://img1.hscicdn.com/image/upload/f_auto,t_h_100_2x/lsci/db/PICTURES/CMS/314700/314790.jpg",Mumbai Indians
Tim David,Middle order Batter,Right hand Bat,Right arm Offbreak,"https://img1.hscicdn.com/image/upload/f_auto,t_h_100_2x/lsci/db/PICTURES/CMS/313600/313639.1.jpg",Mumbai Indians
Tim Southee,Bowler,Right hand Bat,Right arm Medium fast,"https://img1.hscicdn.com/image/upload/f_auto,t_h_100_2x/lsci/db/PICTURES/CMS/303600/303610.png",Kolkata Knight Riders
Trent Boult,Bowler,Right hand Bat,Left arm Fast medium,"https://img1.hscicdn.com/image/upload/f_auto,t_h_100_2x/lsci/db/PICTURES/CMS/303600/303673.jpg",Rajasthan Royals
Tristan Stubbs,Wicketkeeper Batter,Right hand Bat,Right arm Offbreak,"https://img1.hscicdn.com/image/upload/f_auto,t_h_100_2x/lsci/db/PICTURES/CMS/345900/345940.4.jpg",Mumbai Indians
Tushar Deshpande,Bowler,Left hand Bat,Right arm Medium,"https://img1.hscicdn.com/image/upload/f_auto,t_h_100_2x/lsci/db/PICTURES/CMS/310600/310643.jpg",Chennai Super Kings
Umesh Yadav,Bowler,Right hand Bat,Right arm Fast,"https://img1.hscicdn.com/image/upload/f_auto,t_h_100_2x/lsci/db/PICTURES/CMS/302300/302396.jpg",Kolkata Knight Riders
Umran Malik,Bowler,Right hand Bat,Right arm Fast,"https://img1.hscicdn.com/image/upload/f_auto,t_h_100_2x/lsci/db/PICTURES/CMS/356800/356816.1.png",Sunrisers Hyderabad
Upendra Yadav,Wicketkeeper Batter,Right hand Bat,Right arm Offbreak,https://wassets.hscicdn.com/static/images/player-jersey.svg,Sunrisers Hyderabad
Urvil Patel,Wicketkeeper Batter,Right hand Bat,DNB,https://wassets.hscicdn.com/static/images/player-jersey.svg,Gujarat Titans 
Vaibhav Arora,Bowler,Right hand Bat,Right arm Fast medium,"https://img1.hscicdn.com/image/upload/f_auto,t_h_100_2x/lsci/db/PICTURES/CMS/357000/357019.1.png",Kolkata Knight Riders
Varun Chakravarthy,Bowler,Right hand Bat,Legbreak Googly,"https://img1.hscicdn.com/image/upload/f_auto,t_h_100_2x/lsci/db/PICTURES/CMS/329300/329347.4.jpg",Kolkata Knight Riders
Venkatesh Iyer,Allrounder,Left hand Bat,Right arm Medium,"https://img1.hscicdn.com/image/upload/f_auto,t_h_100_2x/lsci/db/PICTURES/CMS/328700/328712.1.jpg",Kolkata Knight Riders
Vicky Ostwal,Bowler,Right hand Bat,Slow Left arm Orthodox,"https://img1.hscicdn.com/image/upload/f_auto,t_h_100_2x/lsci/db/PICTURES/CMS/336900/336901.4.jpg",Delhi Capitals
Vidwath Kaverappa,Bowler,Right hand Bat,Right arm Fast medium,https://wassets.hscicdn.com/static/images/player-jersey.svg,Punjab Kings
Vijay Shankar,Allrounder,Right hand Bat,Right arm Medium,"https://img1.hscicdn.com/image/upload/f_auto,t_h_100_2x/lsci/db/PICTURES/CMS/289600/289614.1.jpg",Gujarat Titans 
Vijaykumar Vyshak,Bowler,Right hand Bat,Right arm Medium,https://wassets.hscicdn.com/static/images/player-jersey.svg,Royal Challengers Bangalore
Virat Kohli,Top order Batter,Right hand Bat,Right arm Medium,"https://img1.hscicdn.com/image/upload/f_auto,t_h_100_2x/lsci/db/PICTURES/CMS/289000/289002.1.jpg",Royal Challengers Bangalore
Vishnu Vinod,Wicketkeeper Batter,Right hand Bat,DNB,"https://img1.hscicdn.com/image/upload/f_auto,t_h_100_2x/lsci/db/PICTURES/CMS/357600/357639.4.jpg",Mumbai Indians
Vivrant Sharma,Allrounder,Left hand Bat,Legbreak Googly,https://wassets.hscicdn.com/static/images/player-jersey.svg,Sunrisers Hyderabad
Wanindu Hasaranga,Allrounder,Right hand Bat,Legbreak,"https://img1.hscicdn.com/image/upload/f_auto,t_h_100_2x/lsci/db/PICTURES/CMS/294200/294296.jpg",Royal Challengers Bangalore
Washington Sundar,Bowling Allrounder,Left hand Bat,Right arm Offbreak,"https://img1.hscicdn.com/image/upload/f_auto,t_h_100_2x/lsci/db/PICTURES/CMS/302500/302584.jpg",Sunrisers Hyderabad
Wayne Parnell,Bowler,Left hand Bat,Left arm Medium fast,"https://img1.hscicdn.com/image/upload/f_auto,t_h_100_2x/lsci/db/PICTURES/CMS/263700/263777.1.jpg",Royal Challengers Bangalore
Will Jacks,Batter,Right hand Bat,Right arm Offbreak,"https://img1.hscicdn.com/image/upload/f_auto,t_h_100_2x/lsci/db/PICTURES/CMS/296200/296209.1.jpg",Royal Challengers Bangalore
Wriddhiman Saha,Wicketkeeper Batter,Right hand Bat,DNB,"https://img1.hscicdn.com/image/upload/f_auto,t_h_100_2x/lsci/db/PICTURES/CMS/302300/302390.jpg",Gujarat Titans 
Yash Dayal,Bowler,Right hand Bat,Left arm Medium fast,"https://img1.hscicdn.com/image/upload/f_auto,t_h_100_2x/lsci/db/PICTURES/CMS/357400/357416.2.jpg",Gujarat Titans 
Yash Dhull,Top order Batter,Right hand Bat,Right arm Offbreak,"https://img1.hscicdn.com/image/upload/f_auto,t_h_100_2x/lsci/db/PICTURES/CMS/336800/336898.4.jpg",Delhi Capitals
Yash Thakur,Bowler,Right hand Bat,Right arm Fast medium,"https://img1.hscicdn.com/image/upload/f_auto,t_h_100_2x/lsci/db/PICTURES/CMS/356700/356790.1.png",Lucknow Super Giants
Yashasvi Jaiswal,Opening Batter,Left hand Bat,Legbreak,"https://img1.hscicdn.com/image/upload/f_auto,t_h_100_2x/lsci/db/PICTURES/CMS/356800/356803.1.png",Rajasthan Royals
Yudhvir Singh,Bowler,Right hand Bat,Right arm Medium fast,"https://img1.hscicdn.com/image/upload/f_auto,t_h_100_2x/lsci/db/PICTURES/CMS/314700/314789.jpg",Lucknow Super Giants
Yuzvendra Chahal,Bowler,Right hand Bat,Legbreak Googly,"https://img1.hscicdn.com/image/upload/f_auto,t_h_100_2x/lsci/db/PICTURES/CMS/312100/312155.png",Rajasthan Royals
